{
  "hash": "59e7f97b",
  "configHash": "eea09eaa",
  "lockfileHash": "a3fd107b",
  "browserHash": "22e3c6da",
  "optimized": {
    "@angular/core": {
      "src": "../../../../../../node_modules/@angular/core/fesm2022/core.mjs",
      "file": "@angular_core.js",
      "fileHash": "019662c1",
      "needsInterop": false
    },
    "@angular/forms": {
      "src": "../../../../../../node_modules/@angular/forms/fesm2022/forms.mjs",
      "file": "@angular_forms.js",
      "fileHash": "a32609b4",
      "needsInterop": false
    },
    "@angular/platform-browser": {
      "src": "../../../../../../node_modules/@angular/platform-browser/fesm2022/platform-browser.mjs",
      "file": "@angular_platform-browser.js",
      "fileHash": "b0e67eac",
      "needsInterop": false
    },
    "@angular/router": {
      "src": "../../../../../../node_modules/@angular/router/fesm2022/router.mjs",
      "file": "@angular_router.js",
      "fileHash": "9191b6ef",
      "needsInterop": false
    },
    "zone.js": {
      "src": "../../../../../../node_modules/zone.js/fesm2015/zone.js",
      "file": "zone__js.js",
      "fileHash": "08fec690",
      "needsInterop": true
    },
    "sweetalert2": {
      "src": "../../../../../../node_modules/sweetalert2/dist/sweetalert2.esm.all.js",
      "file": "sweetalert2.js",
      "fileHash": "6afb6a65",
      "needsInterop": false
    }
  },
  "chunks": {
    "chunk-2GFQN33B": {
      "file": "chunk-2GFQN33B.js"
    },
    "chunk-MHL4XHOQ": {
      "file": "chunk-MHL4XHOQ.js"
    },
    "chunk-3MGD5VOK": {
      "file": "chunk-3MGD5VOK.js"
    },
    "chunk-WDMUDEB6": {
      "file": "chunk-WDMUDEB6.js"
    }
  }
}